[
  {
    "ProductCode": "01HNGXES2V1GNTV6C7S30F84RE",
    "ProductName": "Steam Pan - Half Size Deep",
    "Quantity": 90,
    "Price": 16.78,
    "OriginCountry": "Thailand",
    "Description": "Duis consequat dui nec nisi volutpat eleifend. Donec ut dolor."
  },
  {
    "ProductCode": "01HNGXES30KY10TA6A3S3A0MRJ",
    "ProductName": "Goulash Seasoning",
    "Quantity": 56,
    "Price": 3.0,
    "OriginCountry": "Sweden",
    "Description": "Lorem ipsum dolor sit amet, consectetuer adipiscing elit."
  },
  {
    "ProductCode": "01HNGXES31ZGZE4TFMPQX4ZW2V",
    "ProductName": "Lidsoupcont Rp12dn",
    "Quantity": 80,
    "Price": 13.98,
    "OriginCountry": "Brazil",
    "Description": "In quis justo."
  },
  {
    "ProductCode": "01HNGXES3265NX1SFGE40RH5K7",
    "ProductName": "Salsify, Organic",
    "Quantity": 55,
    "Price": 4.58,
    "OriginCountry": "China",
    "Description": "Nulla facilisi."
  },
  {
    "ProductCode": "01HNGXES33Z6HA0QF6HGBJA4JR",
    "ProductName": "Amaretto",
    "Quantity": 59,
    "Price": 3.69,
    "OriginCountry": "China",
    "Description": "Proin risus. Praesent lectus."
  },
  {
    "ProductCode": "01HNGXES34N5VRGWHA94N7BB85",
    "ProductName": "Chicken - Leg / Back Attach",
    "Quantity": 93,
    "Price": 14.14,
    "OriginCountry": "Philippines",
    "Description": "Suspendisse accumsan tortor quis turpis. Sed ante. Vivamus tortor."
  },
  {
    "ProductCode": "01HNGXES35ZDNQS6KKE74EBN5X",
    "ProductName": "Eggplant - Asian",
    "Quantity": 29,
    "Price": 19.49,
    "OriginCountry": "France",
    "Description": "Aenean sit amet justo."
  },
  {
    "ProductCode": "01HNGXES37S6BXXGDPMMTDX2QG",
    "ProductName": "Chambord Royal",
    "Quantity": 42,
    "Price": 14.8,
    "OriginCountry": "Indonesia",
    "Description": "Morbi porttitor lorem id ligula. Suspendisse ornare consequat lectus."
  },
  {
    "ProductCode": "01HNGXES37E6J31YWSVK1XEXVR",
    "ProductName": "Creamers - 10%",
    "Quantity": 94,
    "Price": 13.22,
    "OriginCountry": "Philippines",
    "Description": "Vestibulum ante ipsum primis in faucibus orci luctus et ultrices posuere cubilia Curae; Nulla dapibus dolor vel est. Donec odio justo, sollicitudin ut, suscipit a, feugiat et, eros."
  },
  {
    "ProductCode": "01HNGXES381DC7ZFR7V637ZHCZ",
    "ProductName": "Appetizer - Asian Shrimp Roll",
    "Quantity": 36,
    "Price": 11.85,
    "OriginCountry": "China",
    "Description": "Nunc rhoncus dui vel sem. Sed sagittis."
  }
]