[
  {
    "FirstName": "Chelsie",
    "LastName": "Ionn",
    "Address": "50 Marquette Point",
    "Phone": "(300) 9475646",
    "Email": "cionn0@nationalgeographic.com",
    "Gender": "Female",
    "Contact_ULID": "01HN8RHJVVD4D15K5DT7GW6N8G"
  },
  {
    "FirstName": "Mickie",
    "LastName": "Peery",
    "Address": "1340 Eliot Alley",
    "Phone": "(689) 1883836",
    "Email": "mpeery1@bbb.org",
    "Gender": "Female",
    "Contact_ULID": "01HN8RHJVW3ATWQMWDKKNZYZK3"
  },
  {
    "FirstName": "Celene",
    "LastName": "Jevons",
    "Address": "285 Russell Plaza",
    "Phone": "(536) 3746995",
    "Email": "cjevons2@webeden.co.uk",
    "Gender": "Female",
    "Contact_ULID": "01HN8RHJVXV1YTFM6F55ZQQPFC"
  },
  {
    "FirstName": "Stevy",
    "LastName": "Oller",
    "Address": "60 Ilene Terrace",
    "Phone": "(546) 1990594",
    "Email": "soller3@naver.com",
    "Gender": "Male",
    "Contact_ULID": "01HN8RHJVYM8PW5547K89QSTTK"
  },
  {
    "FirstName": "Kermy",
    "LastName": "Slaight",
    "Address": "9 Oakridge Terrace",
    "Phone": "(532) 5269015",
    "Email": "kslaight4@squidoo.com",
    "Gender": "Male",
    "Contact_ULID": "01HN8RHJW08EJDGNXE1EQJDK03"
  },
  {
    "FirstName": "Benyamin",
    "LastName": "Bradfield",
    "Address": "45 Dahle Lane",
    "Phone": "(334) 7967113",
    "Email": "bbradfield5@unesco.org",
    "Gender": "Male",
    "Contact_ULID": "01HN8RHJW1MAEW5YN1D8H5YXNK"
  },
  {
    "FirstName": "Cordy",
    "LastName": "Whitmore",
    "Address": "82 Corry Circle",
    "Phone": "(407) 7410539",
    "Email": "cwhitmore6@digg.com",
    "Gender": "Female",
    "Contact_ULID": "01HN8RHJW2E4TVFYQ8E3PXHM2Q"
  }
]